ID,Full Name,Status,Employee Job Title,Birthday,Hire date,Employee Location,Employee Gender
EID2000000374,Olivia Davis,terminated,Casual Personal Support Worker,18/06/1971,21/07/2021,"46.3812,-81.0703",Male
EID2000000381,Olivia Taylor,active,Clinical Care Consultant,13/01/1972,20/02/2018,"46.53188,-80.93288",Female
EID2000000389,Emma Johnson,suspended,Full-Time Personal Support Worker,23/06/1978,25/01/2019,"46.61466,-81.00895",Female
EID2000000397,Michael Johnson,terminated,Casual Personal Support Worker,11/03/1974,10/03/2022,"46.59234,-81.3353",Female
EID2000000413,Emily Wilson,suspended,Casual Personal Support Worker,01/06/1996,04/12/2018,"46.57417,-81.20513",Female
EID2000000415,James Wilson,terminated,Casual Health Care Aid,29/05/1978,03/03/2016,"46.54838,-81.10345",Female
EID2000000417,Khan Miller,terminated,Full-Time Health Care Aid,02/11/1988,21/11/2018,"46.43857,-80.99552",Female
EID2000000426,Olivia Davis,terminated,Casual Health Care Aid,28/11/2002,15/08/2017,"46.58757,-81.34213",Male
EID2000000486,Marty Brown,terminated,Casual Personal Support Worker,23/01/1978,03/11/2021,"46.723538,-80.58036",Female
EID2000000496,Michael Wilson,terminated,Full-Time Personal Support Worker,30/05/1971,09/11/2018,"46.65978,-80.96424",Female
EID2000000498,Olivia Brown,active,Full-Time Personal Support Worker,18/09/1999,01/07/2016,"46.65515,-81.01009",Male
EID2000000500,Emma Miller,terminated,Permanent Part-Time Health Care Aid,12/10/1979,11/02/2019,"46.49874,-80.93567",Female
EID2000000509,Marty Taylor,suspended,Full-Time Personal Support Worker,22/05/1993,17/12/2018,"46.52446,-80.91579",Female
EID2000000513,Emily Johnson,terminated,Casual Personal Support Worker,23/06/1981,13/09/2018,"46.580995,-81.189227",Female
EID2000000518,James Trump,terminated,Full-Time Personal Support Worker,27/07/1983,04/01/2019,"46.50104,-80.99773",Male
EID2000000520,Michael Trump,terminated,Full Time Personal Support Worker,20/11/1992,06/11/2018,"46.50366,-81.00026",Male
EID2000000530,Emma Johnson,suspended,Full-Time Personal Support Worker,22/02/1972,19/08/2018,"46.50969,-81.00116",Male
EID2000000535,Michael Wilson,terminated,Casual Personal Support Worker,01/01/1986,03/12/2018,"46.65817,-80.94721",Male
EID2000000547,Olivia Miller,terminated,Casual Personal Support Worker,05/07/1992,28/01/2019,"46.55596,-80.86706",Male
EID2000000553,Michael Miller,terminated,Casual Personal Support Worker,12/10/1995,25/02/2018,"46.4963,-80.936355",Male
EID2000000558,Michael Trump,active,Part-Time Staffing Personal Support Worker,19/11/1972,19/10/2018,"46.50356,-80.99845",Female
EID2000000560,Emily Miller,terminated,Personal Support Worker,09/10/1986,03/01/2016,"46.52516,-80.91291",Female
EID2000000570,Khan Wilson,terminated,Full-Time LTC Personal Support Worker,29/03/1980,05/12/2018,"46.48294,-81.01062",Female
EID2000000572,Emily Wilson,terminated,Casual Personal Support Worker,19/04/1997,10/03/2019,"46.37279,-82.65313",Female
EID2000000574,Michael Wilson,terminated,Casual Personal Support Worker (DSW Certification),08/09/1973,06/05/2018,"46.368915,-82.617224",Male
EID2000000576,William Johnson,terminated,Full-Time Personal Support Worker,21/03/1970,25/02/2019,"46.61367,-81.01436",Male
EID2000000578,Olivia Wilson,terminated,Full-Time Personal Support Worker,13/09/2003,12/10/2018,"48.539647,-80.475027",Female
EID2000000580,Marty Wilson,active,Part-Time Personal Support Worker,15/10/2001,13/10/2017,"46.50538,-80.9984",Male
EID2000000583,James Johnson,terminated,Full-Time Personal Support Worker,01/07/1976,14/07/2021,"46.39183,-79.89881",Male
EID2000000585,James Taylor,suspended,Casual Personal Support Worker,08/01/1984,30/01/2018,"46.392392,-81.010222",Male
EID2000000591,James Taylor,suspended,Casual Personal Support Worker,02/02/1987,08/04/2018,"46.503685,-81.006763",Female
EID2000000597,Emily Wilson,active,Casual Registered Practical Nurse,04/02/1972,27/01/2017,"46.50285,-80.98314",Male
EID2000000601,James Trump,terminated,Part-Time Personal Support Worker,11/07/1974,14/09/2022,"46.49009,-81.01499",Female
EID2000000603,James Johnson,terminated,Full-Time Personal Support Worker,24/03/1990,04/10/2018,"46.5209,-80.95623",Male
EID2000000607,Michael Wilson,terminated,Full-Time Personal Support Worker,24/10/1992,08/10/2018,"46.48893,-80.85706",Female
EID2000000609,William Miller,terminated,Casual Personal Support Worker,21/09/1974,09/02/2017,"46.48188,-81.01495",Male
EID2000000616,Michael Wilson,terminated,Casual Health Care Aid,06/06/1975,04/01/2019,"46.57487,-81.19742",Female
EID2000000626,Khan Johnson,suspended,Personal Support Worker,29/12/1979,04/03/2016,"46.44136,-80.915",Female
EID2000000633,Michael Taylor,terminated,Registered Practical nurse,09/02/1993,26/02/2018,"46.52007,-80.95349",Male
EID2000000638,Michael Wilson,suspended,Personal Support Worker,20/11/1986,25/02/2019,"46.522005,-80.96674",Female
EID2000000640,James Brown,suspended,Registered Practical Nurse,18/01/1984,17/12/2017,"44.370207,-79.680395",Male
EID2000000646,James Trump,suspended,Personal Support Worker,13/12/1990,08/02/2019,"46.534037,-80.952008",Male
EID2000000648,James Johnson,active,Part-Time Personal Support Worker,02/11/1990,14/11/2017,"46.64414,-81.39126",Male
EID2000000651,Khan Brown,suspended,Registered Nurse,15/12/1979,14/07/2017,"46.54414,-81.12771",Female
EID2000000655,Emily Davis,terminated,Casual Personal Support Worker,01/12/1987,06/04/2017,"46.58044,-80.81775",Male
EID2000000668,Marty Brown,terminated,Full Time Personal Support Worker,11/09/1982,16/05/2022,"46.49283,-81.00397",Female
EID2000000674,Emily Davis,terminated,Registered Nurse,20/08/1980,,"46.65079,-80.87195",Male
EID2000000677,William Taylor,terminated,Registered Practical Nurse,20/10/1988,04/12/2018,"46.49564,-80.993752",Female
EID2000000679,William Davis,terminated,Registered Nurse,14/09/1991,07/05/2018,"46.52722,-80.94466",Female
EID2000000687,Emily Miller,suspended,Casual Personal Support Worker,29/11/1999,07/05/2018,"46.38888,-82.65493",Male
EID2000000691,James Wilson,terminated,Registered Nurse,06/03/1979,06/07/2018,"46.61077,-81.01238",Male
EID2000000697,Marty Johnson,on hold,Casual Personal Support Worker,20/12/1974,14/06/2018,"46.496508,-81.00495",Male
EID2000000715,Marty Davis,terminated,Casual Personal Support Worker,07/10/1982,11/02/2019,"46.487446,-80.984305",Male
EID2000000720,Emily Johnson,terminated,Casual Personal Support Worker,28/11/1994,08/04/2018,"46.528698,-81.367541",Female
EID2000000779,Marty Brown,terminated,Full-Time Personal Support Worker,14/11/2003,,"46.71363,-80.92027",Male
EID2000000799,Michael Wilson,suspended,Casual Personal Support Worker,09/05/1984,17/03/2019,"46.55729,-80.87024",Male
EID2000000803,Olivia Davis,suspended,Casual Personal Support Worker,14/07/1980,17/03/2019,"46.41228,-80.13263",Male
EID2000000806,Marty Wilson,terminated,Full-Time Personal Support Worker,01/11/1988,17/03/2019,"46.50966,-80.95425",Female
EID2000000812,William Miller,terminated,Casual Personal Support Worker,10/09/1999,17/03/2019,"46.49564,-80.993752",Female
EID2000000815,Michael Trump,terminated,Casual Personal Support Worker,30/05/1982,17/03/2019,"46.56302,-81.11645",Female
EID2000000838,William Brown,terminated,Part-Time Personal Support Worker,30/12/1995,,"46.59145,-81.33943",Male
EID2000000842,Emma Davis,terminated,Part-Time Personal Support Worker,23/07/1996,,"46.52629,-80.92015",Female
EID2000000846,Emma Wilson,suspended,Personal Support Worker,18/10/1994,,"46.51675,-84.2998",Male
EID2000000854,William Miller,terminated,Casual Personal Support Worker,19/03/1987,,"46.482145,-80.989692",Male
EID2000000858,James Wilson,terminated,Permanent Part-Time Personal Support Worker,06/01/1989,,"46.4873,-80.85251",Male
EID2000001741,William Davis,terminated,Registered Nurse,06/08/1991,20/03/2017,"46.50108,-80.93609",Female
EID2000001743,Marty Wilson,active,Casual Staffing Personal Support Worker,05/08/1993,26/04/2017,"46.49564,-80.993752",Female
EID2000001745,Michael Brown,terminated,Casual Personal Support Worker,11/04/1981,11/02/2018,"46.61584,-81.01712",Male
EID2000001747,Olivia Brown,suspended,Casual Personal Support Worker,13/04/1985,03/06/2018,"46.49057,-80.90382",Female
EID2000001749,Emma Davis,terminated,Casual Personal Support Worker,14/07/1990,28/03/2019,"46.532662,-80.952985",Female
EID2000001751,Michael Taylor,terminated,Casual Registered Nurse,03/04/1990,29/04/2018,"46.42903,-81.15093",Female
EID2000001753,Emily Davis,terminated,Casual Personal Support Worker,28/09/1999,20/08/2017,"46.49831,-80.96245",Male
EID2000001755,Emma Johnson,suspended,Registered Nurse,10/02/1981,10/10/2018,"46.52334,-80.97275",Female
EID2000001757,James Wilson,suspended,Casual Health Care Aid,03/07/1989,22/04/2018,"46.504145,-80.992364",Female
EID2000001759,Olivia Davis,terminated,Casual Personal Support Worker,26/08/1991,03/08/2018,"46.466811,-81.003085",Female
EID2000001761,Michael Brown,terminated,Casual Personal Support Worker,15/07/1973,04/11/2018,"46.6208,-81.03434",Female
EID2000001765,William Trump,suspended,Full-Time Personal Support Worker,24/08/1970,11/04/2019,"46.59479,-81.0195",Female
EID2000001767,William Johnson,suspended,Registered Practical Nurse,02/06/1981,26/03/2019,"46.230271,-79.261512",Male
EID2000001769,Michael Johnson,terminated,Casual Personal Support Worker,21/06/1996,01/04/2019,"46.62049,-81.41784",Female
EID2000003250,Emily Wilson,active,,26/02/1992,,,Female
EID2000017510,Olivia Wilson,terminated,Full-Time Personal Support Worker,01/10/1995,20/04/2019,"46.46967,-81.02485",Female
EID2000017523,William Wilson,terminated,Personal Support Worker,15/11/1976,20/04/2019,"46.47596,-81.01176",Male
EID2000017604,James Johnson,terminated,Full time Personal Support Worker,19/06/1991,20/04/2019,"46.59584,-81.09211",Female
EID2000017801,Khan Wilson,suspended,Full-Time Personal Support Worker,25/12/2003,20/04/2019,"46.48234,-80.78462",Male
EID2000017912,Emma Wilson,terminated,Full-Time Personal Support Worker,31/08/1998,20/04/2019,"46.53124,-80.94978",Female
EID2000017916,Michael Brown,terminated,Clinical Nurse Supervisor,10/07/1992,23/04/2019,"46.41031,-81.13949",Female
EID2000040340,Khan Miller,terminated,Personal Support Worker,20/06/1995,01/05/2019,"46.31289,-79.45199",Female
EID2000040373,Marty Miller,terminated,Casual Personal Support Worker,15/12/1988,02/05/2019,"46.36096,-79.917137",Male
EID2000040409,Emma Trump,active,Casual Personal Support Worker,03/06/1978,01/05/2019,"46.210441,-79.348953",Male
EID2000043239,Emily Brown,suspended,Personal Support Worker,24/07/1982,,"46.30618,-79.46053",Female
EID2000043241,Emily Johnson,terminated,Personal Support Worker,17/05/1998,01/05/2019,"46.334304,-79.489187",Male
EID2000043244,Michael Taylor,terminated,Personal Support Worker,29/10/1989,01/05/2019,"46.334304,-79.489187",Female
EID2000043248,Emma Wilson,terminated,Personal Support Worker,05/09/1977,01/05/2019,"46.344479,-79.487368",Male
EID2000043252,Olivia Wilson,terminated,Personal Support Worker,08/09/1988,01/05/2019,"46.344479,-79.487368",Male
EID2000043255,Michael Johnson,suspended,Personal Support Worker,28/05/1985,,"46.38861,-79.392929",Female
EID2000043304,William Wilson,suspended,Casual Personal Support Worker,10/03/1997,06/05/2019,"46.46832,-81.004096",Female
EID2000043310,Olivia Miller,terminated,Casual Personal Support Worker,21/07/1997,,"46.57377,-81.19268",Female
EID2000043316,Michael Johnson,suspended,Casual Personal Support Worker,11/03/1984,06/05/2019,"46.494138,-81.002805",Male
EID2000043323,Olivia Wilson,suspended,Full Time Personal Support Worker,11/05/1992,06/05/2019,"46.55538,-81.11817",Male
EID2000043370,Olivia Taylor,suspended,Personal Support Worker,12/01/1992,06/05/2019,"46.646862,-80.998775",Female
EID2000043471,Michael Wilson,suspended,Personal Support Worker,17/08/1972,06/05/2019,"46.50953,-80.99017",Male
EID2000043476,James Taylor,on hold,Full-Time Personal Support Worker,21/11/1999,20/09/2021,"46.641303,-81.392962",Male
EID2000061287,William Wilson,terminated,Part-Time Registered Practical Nurse,24/06/1974,13/05/2019,"46.51094,-80.99263",Female
EID2000061917,William Wilson,terminated,Casual Personal Support Worker,09/09/1976,01/05/2019,"46.48799,-80.94472",Female
EID2000062470,James Wilson,terminated,Personal Support Worker,06/07/1971,01/05/2019,"46.46043,-81.00022",Female
EID2000099385,James Wilson,terminated,Personal Support Worker,23/08/1992,03/06/2019,"46.30684,-79.45982",Male
EID2000100257,Emily Wilson,terminated,Casual Personal Support Worker,01/07/1976,03/12/2019,"46.48558,-81.01421",Female
EID2000100327,Emily Johnson,terminated,Registered Nurse,04/10/1998,05/06/2019,"46.48477,-81.00143",Female
EID2000103414,Olivia Wilson,terminated,Casual Personal Support Worker,10/11/1987,10/06/2019,"46.45689,-81.00807",Male
EID2000103419,William Taylor,terminated,Casual Personal Support Worker,12/02/1971,10/06/2019,"46.49441,-81.0153",Female
EID2000103423,Khan Taylor,terminated,Full Time Personal Support Worker,20/11/1978,10/06/2019,"46.55293,-81.13656",Male
EID2000103426,Olivia Trump,terminated,Full Time - Personal Support Worker,08/12/1978,10/06/2019,"46.384584,-82.654121",Male
EID2000103429,Olivia Davis,suspended,Full-Time Registered Practical Nurse,31/01/1993,10/06/2019,"46.522005,-80.96674",Male
EID2000103515,James Taylor,suspended,Full Time Personal Support Worker,19/11/1984,10/06/2019,"46.486385,-81.005735",Male
EID2000106969,Emma Wilson,terminated,Casual Registered Practical Nurse,22/09/1997,18/06/2019,"46.434111,-80.954602",Male
EID2000107508,Marty Wilson,terminated,Registered Practical Nurse,22/12/1993,12/06/2019,"46.5227,-80.9849",Male
EID2000107525,James Miller,terminated,Part-Time Staffing Personal Support Worker,17/09/1970,14/09/2022,"46.48966,-80.97255",Male
EID2000119767,Marty Taylor,active,Full-Time Personal Support Worker,02/02/1977,27/06/2019,"46.4963,-80.936375",Female
EID2000120821,James Brown,active,Full-Time Personal Support Worker,11/05/1994,30/06/2019,"46.57264,-81.19853",Male
EID2000121122,Emily Wilson,suspended,Full-Time Personal Support Worker,06/10/1978,,"46.71527,-80.93371",Female
EID2000145570,Michael Davis,terminated,Casual Personal Support Worker,16/08/1975,23/07/2019,"46.32968,-79.46134",Female
EID2000146960,Marty Brown,terminated,Permanent Part-Time Health Care Aid,11/07/2000,25/07/2019,"46.58393,-81.20148",Male
EID2000146962,Emily Taylor,terminated,Registered Practical Nurse,18/11/1988,25/07/2019,"46.25855,-81.80505",Male
EID2000168049,Emily Trump,terminated,Care Coordinator / Receptionist,02/04/2003,14/08/2019,"46.48086,-81.00751",Male
EID2000170161,Olivia Brown,terminated,Personal Support Worker,26/12/1972,13/08/2019,"46.18962,-82.33667",Female
EID2000170164,Marty Davis,suspended,Personal Support Worker,22/11/1978,13/08/2019,"46.70641,-81.55441",Female
EID2000178108,Emma Trump,terminated,Full-Time Personal Support Worker,04/06/2003,16/12/2022,"46.48599,-80.999607",Male
EID2000178114,William Wilson,active,Full-Time Personal Support Worker,07/10/1972,12/05/2022,"46.26962,-79.43933",Male
EID2000178127,Khan Trump,terminated,Casual Personal Support Worker,26/12/1994,19/08/2019,"46.37509,-79.99248",Female
EID2000183129,Khan Brown,terminated,Casual Personal Support Worker,18/06/1997,28/08/2019,"46.4886,-80.90122",Female
EID2000183134,Emma Taylor,active,Casual Personal Support Worker,24/05/1991,03/09/2019,"46.37384,-82.65464",Male
EID2000204955,Michael Taylor,active,Part-Time Personal Support Worker,24/11/1971,03/02/2021,"46.551,-81.10512",Female
EID2000204958,Khan Taylor,terminated,Registered Practical Nurse,20/08/1970,11/09/2019,"46.62742,-81.1094",Female
EID2000206464,Khan Brown,active,Clinical Care Consultant,28/03/1989,04/02/2013,"46.53096,-80.91984",Male
EID2000206894,Emily Davis,terminated,Casual Personal Support Worker,15/05/1991,12/09/2019,"46.31089,-79.46085",Female
EID2000210737,Marty Wilson,terminated,Casual Personal Support Worker,23/10/1983,16/09/2019,"46.47977,-81.0046",Female
EID2000210745,Olivia Trump,terminated,Full-Time Personal Support Worker,15/02/1992,16/09/2019,"46.51193,-80.98908",Female
EID2000213691,James Wilson,terminated,Casual Personal Support Worker,27/07/1979,19/09/2019,"46.54486,-80.89369",Female
EID2000213693,Michael Wilson,terminated,Casual Personal Support Worker,03/10/1989,19/09/2019,"46.503547,-80.937938",Male
EID2000220945,Marty Miller,terminated,Care Coordinator,28/03/1981,30/09/2019,"46.50271,-80.98454",Male
EID2000220948,Emma Taylor,terminated,Care Coordinator,04/06/1991,30/09/2019,"46.49492,-80.95468",Female
EID2000220961,Emily Wilson,terminated,Care Coordinator,25/04/1988,30/09/2019,"46.52231,-80.91396",Male
EID2000220966,James Davis,terminated,Care Coordinator,09/06/2001,30/09/2019,"46.5023,-80.98074",Female
EID2000232359,William Brown,on hold,Casual Staffing Personal Support Worker,22/05/1984,10/10/2019,"46.49474,-80.9838",Female
EID2000232372,Emma Davis,terminated,Full Time - Personal Support Worker,22/11/1981,10/10/2019,"46.64898,-80.94501",Male
EID2000255914,Emma Johnson,terminated,Full-Time Personal Support Worker,03/09/1975,28/10/2019,"46.49426,-81.00179",Female
EID2000256053,Michael Taylor,terminated,Part-Time Personal Support Worker,28/05/1977,30/10/2019,"46.58109,-81.18983",Female
EID2000259255,Marty Miller,terminated,Full-Time Personal Support Worker,29/01/1984,30/10/2019,"46.47817,-81.06468",Female
EID2000260967,Olivia Johnson,on hold,Full-Time Personal Support Worker,19/01/2002,30/10/2019,"46.613515,-81.015027",Male
EID2000260976,Marty Taylor,terminated,Casual Personal Support Worker,13/04/1979,30/10/2019,"46.50955,-81.00279",Female
EID2000261666,Emma Trump,on hold,Casual Personal Support Worker,16/06/2003,30/10/2019,"46.56298,-81.11759",Female
EID2000261892,William Brown,terminated,Casual Personal Support Worker,20/12/1981,30/10/2019,"46.49203,-80.99262",Female
EID2000262363,Marty Taylor,active,Casual Personal Support Worker,07/01/1995,30/10/2019,"46.64622,-80.98316",Female
EID2000262367,Khan Miller,suspended,Casual Personal Support Worker,30/03/1997,30/10/2019,"46.50855,-80.99179",Male
EID2000292460,Michael Brown,terminated,Casual Personal Support Worker,13/09/1994,19/11/2019,"46.48919,-80.95225",Male
EID2000292463,Marty Taylor,active,Part-Time Personal Support Worker,15/05/1989,12/05/2020,"46.4991,-80.99958",Female
EID2000292467,Olivia Wilson,terminated,Casual Personal Support Worker,17/12/1990,19/11/2019,"46.64943,-80.94503",Male
EID2000292469,Marty Trump,terminated,Full Time - Personal Support Worker,02/10/1999,19/11/2019,"46.65566,-80.94524",Male
EID2000296726,William Miller,terminated,Part-Time Care Coordinator,18/12/1995,22/11/2019,"46.48564,-81.01081",Male
EID2000301073,James Miller,active,Full-Time Personal Support Worker,27/04/1976,25/11/2019,"46.578134,-80.994082",Female
EID2000303522,Marty Wilson,terminated,Clinical Care Coordinator,05/03/1978,02/12/2019,"48.48047,-81.3383",Male
EID2000304265,William Miller,applicant,Full Time - Personal Support Worker,10/01/1984,27/11/2019,"46.49865,-80.96139",Male
EID2000316108,William Trump,terminated,Full Time - Personal Support Worker,31/07/1995,02/12/2019,"46.49027,-80.94947",Female
EID2000316112,Khan Davis,terminated,Full Time - Personal Support Worker,16/12/1990,02/12/2019,"46.601055,-81.006992",Male
EID2000316115,Olivia Davis,terminated,Full Time - Personal Support Worker,17/01/1995,02/12/2019,"46.48691,-81.00934",Male
EID2000340475,Emma Johnson,terminated,Full Time - Personal Support Worker,26/03/1972,13/12/2019,"46.58022,-80.84703",Female
EID2000340519,Marty Johnson,terminated,Casual Personal Support Worker,22/05/1991,13/12/2019,"46.46177,-81.02758",Male
EID2000340858,Marty Wilson,terminated,Casual Personal Support Worker,18/04/1986,13/12/2019,"46.25323,-81.77067",Male
EID2000355798,Michael Wilson,terminated,Casual Personal Support Worker,01/06/1972,20/12/2019,"46.356,-79.92746",Female
EID2000355804,James Brown,terminated,Casual Personal Support Worker,24/04/1989,20/12/2019,"46.49063,-80.97029",Male
EID2000406368,Marty Taylor,active,Casual Personal Support Worker,08/02/1983,17/01/2020,"46.71376,-80.91803",Female
EID2000419682,James Davis,terminated,Part-Time Personal Support Worker,21/04/2002,22/01/2020,"46.52455,-80.985123",Male
EID2000421701,Michael Wilson,terminated,Casual Personal Support Worker,22/04/1996,23/01/2020,"46.476,-81.00359",Male
EID2000421729,Marty Wilson,terminated,Casual Personal Support Worker,26/01/1972,23/01/2020,"46.51041,-80.95717",Female
EID2000421736,Michael Wilson,terminated,Casual Personal Support Worker,27/07/1986,23/01/2020,,Male
EID2000425338,William Wilson,terminated,Casual Registered Nurse,10/07/1978,24/01/2020,"46.50028,-81.01355",Female
EID2000430426,James Taylor,terminated,Full Time Personal Support Worker,06/08/1993,29/01/2020,"46.48972,-80.92404",Female
EID2000430446,James Taylor,terminated,Casual Care Coordinator,10/10/1984,03/02/2020,"46.47192,-81.01624",Male
EID2000431558,Michael Wilson,terminated,Casual Personal Support Worker,29/06/1999,28/01/2020,"43.75427,-79.77863",Male
EID2000433692,Michael Taylor,terminated,Part-Time LTC Personal Support Worker,28/10/1975,29/01/2020,"46.46014,-81.01539",Female
EID2000433724,William Wilson,terminated,Casual Personal Support Worker,04/12/1974,31/01/2020,"46.49426,-81.00285",Female
EID2000433771,James Miller,terminated,Part-Time Care Coordinator,19/02/1978,03/02/2020,"46.57535,-80.81001",Female
EID2000433838,William Wilson,terminated,Part-Time Care Coordinator,19/03/1982,03/02/2020,"46.50658,-80.99603",Male
EID2000433953,Michael Brown,terminated,Part-Time Care Coordinator,21/04/1972,03/02/2020,"46.49324,-80.84764",Male
EID2000434031,Michael Wilson,terminated,Part-Time Care Coordinator,23/08/1970,03/02/2020,"46.64436,-81.3853",Male
EID2000434078,William Miller,terminated,Part-Time Care Coordinator,13/01/1984,03/02/2020,"46.46043,-81.00022",Male
EID2000434172,Marty Davis,terminated,,03/03/1990,03/02/2020,"46.52616,-80.91088",Male
EID2000434515,William Davis,terminated,Part-Time Care Coordinator,12/11/1974,03/02/2020,,Male
EID2000437709,James Johnson,terminated,Full Time - Personal Support Worker,31/10/1997,31/01/2020,"46.4766,-80.994138",Male
EID2000441118,James Davis,terminated,Part-Time Care Coordinator,23/12/1995,03/02/2020,"46.524495,-80.926226",Male
EID2000441143,Michael Miller,terminated,Part-Time Care Coordinator,08/06/1978,03/02/2020,"46.55066,-81.10873",Male
EID2000452863,Khan Trump,terminated,Full Time Personal Support Worker,17/02/1972,11/02/2020,"46.48989,-80.96225",Male
EID2000452948,William Johnson,terminated,Casual Personal Support Worker,25/04/1976,11/02/2020,"46.685566,-80.697478",Male
EID2000486287,William Brown,terminated,Casual Personal Support Worker,11/06/2001,27/02/2020,"46.44066,-81.14647",Male
EID2000486332,James Davis,terminated,Full Time - Personal Support Worker,18/04/1970,27/02/2020,"46.46964,-81.06979",Female
EID2000486983,Khan Johnson,terminated,Casual Personal Support Worker,20/02/1970,20/02/2020,"46.37139,-79.98629",Male
EID2000489819,William Davis,terminated,Part-Time PSW,10/05/1992,27/02/2020,"46.47489,-81.02524",Male
EID2000500066,Emma Johnson,terminated,Casual Personal Support Worker,09/12/1971,27/02/2020,"46.49013,-80.95513",Male
EID2000544349,Olivia Wilson,terminated,Full Time - Personal Support Worker,01/07/1971,23/03/2020,"46.64845,-80.99607",Female
EID2000545203,Emily Wilson,terminated,Casual Personal Support Worker,10/04/1987,23/03/2020,"46.5286,-81.3816",Male
EID2000576861,Olivia Wilson,terminated,Casual Personal Support Worker,11/08/2003,09/04/2020,"46.55076,-80.88767",Female
EID2000591254,Marty Brown,terminated,,09/07/1977,21/04/2020,,Male
EID2000601204,Khan Wilson,terminated,Full Time - Personal Support Worker,03/03/1982,04/05/2020,"46.49074,-80.97634",Male
EID2000602693,Khan Wilson,terminated,Casual  Personal Support Worker,23/03/2001,04/05/2020,"46.49228,-81.013955",Male
EID2000606259,Michael Miller,terminated,Full Time Personal Support Worker,21/11/1975,20/05/2020,"46.48747,-81.00889",Male
EID2000607772,Olivia Taylor,terminated,Part-Time Personal Support Worker,10/09/1970,07/05/2020,,Female
EID2000609935,Emily Johnson,terminated,Part-Time Personal Support Worker,02/04/1981,07/05/2020,"46.47247,-81.03039",Female
EID2000624117,Khan Taylor,on hold,Full Time Personal Support Worker,24/09/1979,20/05/2020,"46.55748,-80.87173",Female
EID2000625186,Marty Johnson,terminated,Part-Time Personal Support Worker,23/04/1990,20/05/2020,"46.56113,-80.86476",Female
EID2000632447,Marty Davis,terminated,Full Time - Personal Support Worker,19/04/1992,20/05/2020,"46.51902,-84.34346",Female
EID2000635433,Khan Miller,terminated,Full Time - Registered Nurse,24/03/1975,27/05/2020,"46.41198,-81.15212",Female
EID2000635458,Marty Taylor,active,Full-Time Personal Support Worker,24/04/1971,27/05/2020,"46.4942,-81.0054",Male
EID2000635481,Olivia Johnson,terminated,Full Time - Personal Support Worker,06/01/1984,27/05/2020,"46.50207,-81.00939",Male
EID2000640458,Emma Davis,terminated,Part-Time Personal Support Worker,05/10/1986,27/05/2020,"46.5249,-80.94511",Male
EID2000640530,Marty Brown,active,Full-Time Personal Support Worker,23/09/1981,27/05/2020,"46.533666,-80.953048",Male
EID2000644544,Emma Taylor,terminated,Part-Time Personal Support Worker,15/12/1992,27/05/2020,"45.18784,-75.68209",Female
EID2000658265,James Davis,on hold,Part-Time Personal Support Worker,20/09/1977,04/06/2020,"46.50347,-80.99771",Male
EID2000664734,James Brown,terminated,Part-Time Personal Support Worker,02/02/1994,04/06/2020,"46.51446,-80.93178",Female
EID2000686807,James Davis,terminated,Part-Time Personal Support Worker,25/10/2002,16/06/2020,"46.5217,-80.95554",Male
EID2000688426,Khan Davis,terminated,Full-Time Personal Support Worker,04/12/2003,16/06/2020,"46.51003,-81.00274",Female
EID2000695223,Olivia Wilson,terminated,Part-Time Personal Support Worker,16/06/1973,24/06/2020,"46.53204,-80.91898",Female
EID2000696128,Emily Trump,terminated,Full Time - Personal Support Worker,25/09/2001,24/06/2020,"46.49874,-80.93567",Female
EID2000701596,James Brown,terminated,Full Time - Personal Support Worker,05/08/1988,06/07/2020,"46.52614,-80.96942",Female
EID2000706545,Emily Taylor,terminated,Casual Personal Support Worker,21/08/1974,24/06/2020,"46.51739,-80.93513",Male
EID2000711486,Emma Wilson,active,Full-Time Personal Support Worker,22/12/1999,08/07/2020,"46.576393,-81.201279",Female
EID2000732355,Emma Johnson,terminated,Part-Time RN,22/09/1996,30/06/2020,"46.5765,-81.19347",Male
EID2000735405,Emma Davis,terminated,Full-Time Clinical Support Nurse,23/05/1999,13/07/2020,"46.20783,-82.0801",Male
EID2000760326,James Wilson,terminated,Part-Time Personal Support Worker,04/05/1995,16/07/2020,"46.50453,-80.98376",Female
EID2000760590,Emma Brown,terminated,Full Time - Personal Support Worker,24/11/1992,16/07/2020,"46.41198,-80.12496",Male
EID2000762198,Marty Brown,terminated,Part-Time Personal Support Worker,28/08/1979,16/07/2020,"46.6129,-81.01381",Male
EID2000792990,Olivia Taylor,terminated,Part-Time Personal Support Worker,01/09/1974,05/08/2020,"46.50692,-81.00311",Female
EID2000793047,Khan Wilson,terminated,Full-Time Personal Support Worker,26/05/1973,05/08/2020,"46.4843,-80.85154",Female
EID2000796903,Emily Trump,terminated,Part-Time Personal Support Worker,04/11/1990,05/08/2020,"46.50855,-80.99179",Male
EID2000798321,William Taylor,on hold,Full Time Personal Support Worker,17/01/1998,02/09/2020,"46.580995,-81.189227",Male
EID2000799153,Emily Davis,terminated,Casual Registered Practical Nurse,30/08/1972,05/08/2020,"46.52232,-80.93272",Female
EID2000800397,Michael Davis,terminated,Part-Time Care Coordinator,21/11/1984,05/08/2020,"46.55937,-80.86798",Female
EID2000800787,Michael Wilson,terminated,Part-Time Personal Support Worker,07/03/1998,12/08/2020,"46.49475,-80.98234",Male
EID2000801410,Emily Trump,terminated,Part-Time Personal Support Worker,31/01/1975,05/08/2020,"46.55771,-80.8666",Female
EID2000808310,William Wilson,terminated,Full Time - Personal Support Worker,02/04/1984,12/08/2020,"46.487588,-80.934173",Female
EID2000808391,Marty Taylor,terminated,Part-Time Personal Support Worker,16/02/1979,12/08/2020,"46.451903,-81.00276",Female
EID2000833420,Michael Wilson,terminated,Full Time Personal Support Worker,01/12/1992,12/08/2020,"46.521935,-80.932613",Male
EID2000838844,Marty Trump,terminated,Part-Time Personal Support Worker,07/06/1977,24/08/2020,"46.451903,-81.00276",Female
EID2000850133,Olivia Miller,terminated,Casual Personal Support Worker,13/04/1987,21/10/2020,,Female
EID2000850328,Emma Miller,terminated,Casual Personal Support Worker,05/11/1996,24/08/2020,"46.4952,-80.9891",Male
EID2000854913,James Johnson,terminated,Part-Time Care Coordinator,22/04/1980,31/08/2020,"46.5029,-81.00978",Female
EID2000863852,Michael Brown,terminated,Part-Time Personal Support Worker,01/04/1993,14/10/2020,,Male
EID2000867129,Marty Brown,terminated,Full Time - Personal Support Worker,22/03/1998,28/09/2020,"46.47624,-81.00664",Male
EID2000868841,Emily Taylor,terminated,Full Time - Personal Support Worker,19/03/2000,02/09/2020,"46.580995,-81.189227",Male
EID2000881179,Khan Johnson,terminated,Part-Time Personal Support Worker,01/05/2002,02/09/2020,"46.64494,-80.97946",Female
EID2000888199,Marty Miller,terminated,Full Time - Personal Support Worker,03/10/1979,22/09/2020,,Female
EID2000899160,Olivia Miller,terminated,Full Time Personal Support Worker,08/02/1996,16/09/2020,"46.45818,-81.00106",Male
EID2000904586,Emma Miller,terminated,Full Time Personal Support Worker,13/03/1971,16/09/2020,"46.451903,-81.00276",Male
EID2000908703,Emma Wilson,terminated,Full Time Personal Support Worker (DSW Certification),03/06/1977,29/09/2020,"46.498181,-80.542768",Female
EID2000909230,Michael Wilson,terminated,Full-Time Personal Support Worker,12/06/1972,16/09/2020,"46.580995,-81.189227",Female
EID2000920383,James Davis,on hold,Full-Time Registered Practical Nurse,13/07/2002,04/11/2020,"46.4973,-80.9896",Female
EID2000923310,Michael Wilson,terminated,Full-Time Registered Practical Nurse,18/01/1989,29/09/2020,"46.493324,-80.953386",Female
EID2000928019,Emma Wilson,terminated,Full-Time Personal Support Worker,06/09/1973,01/09/2021,"46.61727,-81.007377",Male
EID2000928031,Khan Johnson,terminated,Full Time Personal Support Worker,17/05/1997,29/09/2020,"46.44908,-80.99032",Male
EID2000930425,Khan Wilson,terminated,Full-Time Personal Support Worker,20/01/1991,28/04/2022,"46.49991,-80.93309",Female
EID2000932391,Michael Brown,terminated,Part-Time Care Coordinator,02/08/1976,13/10/2020,,Male
EID2000937203,William Wilson,terminated,Part-Time Personal Support Worker,23/06/2001,29/09/2020,"46.50855,-80.99179",Female
EID2000937265,Marty Johnson,terminated,Casual Personal Support Worker,23/10/1998,28/10/2020,,Male
EID2000940380,Emily Wilson,terminated,Full-Time Registered Practical Nurse,24/10/1985,09/11/2020,"43.6487,-79.38545",Male
EID2000940393,Michael Wilson,terminated,Part-Time Care Coordinator,01/01/1997,19/10/2020,,Female
EID2000940831,Marty Davis,terminated,Full Time - Personal Support Worker,11/06/1974,29/09/2020,,Female
EID2000944111,Olivia Taylor,terminated,Part-Time Health Care Aide,31/05/1982,07/10/2020,,Male
EID2000944946,Emily Miller,terminated,Part-Time Personal Support Worker,07/03/1977,29/09/2020,"46.579803,-81.182315",Female
EID2000947332,Olivia Wilson,terminated,Part-Time Personal Support Worker,01/02/2002,07/10/2020,,Male
EID2000947346,Khan Miller,terminated,Full Time Personal Support Worker,26/12/1994,07/10/2020,,Female
EID2000947525,Emma Wilson,terminated,Full Time Personal Support Worker,26/05/1998,07/10/2020,,Male
EID2000950776,William Davis,active,Full-Time Personal Support Worker,17/08/1996,07/10/2020,"46.55027,-80.86913",Male
EID2000952251,Khan Brown,terminated,Full Time Personal Support Worker,24/07/1991,07/10/2020,,Male
EID2000952281,Marty Trump,terminated,Full Time - Personal Support Worker,09/02/1973,07/10/2020,,Female
EID2000952678,Olivia Taylor,terminated,Part-Time Personal Support Worker,11/10/1977,21/10/2020,"46.451903,-81.00276",Male
EID2000956348,Khan Davis,terminated,Casual Registered Practical Nurse,19/06/1977,22/10/2020,,Female
EID2000959801,Olivia Brown,terminated,Full-Time Personal Support Worker,07/07/1997,14/10/2020,,Male
EID2000963393,William Trump,terminated,Part-Time Personal Support Worker,28/09/1985,28/10/2020,"48.47052,-81.33797",Female
EID2000969171,James Wilson,terminated,Full-Time Personal Support Worker,12/05/1988,14/10/2020,,Female
EID2000970502,James Wilson,terminated,Full-Time Personal Support Worker,14/12/1996,21/09/2022,"46.57729,-81.20567",Male
EID2000975876,Michael Davis,terminated,Casual Personal Support Worker,09/04/1980,21/10/2020,"46.52813,-80.94584",Female
EID2000985929,Marty Miller,terminated,Full-Time Administrative Assistant,16/08/1987,07/12/2020,"46.51014,-80.95242",Male
EID2000986661,Emily Wilson,terminated,Casual Health Care Aide,27/10/1979,21/10/2020,,Female
EID2000988163,Marty Miller,terminated,Full-Time Registered Practical Nurse,29/02/2000,26/10/2020,"46.64836,-80.939601",Male
EID2000994348,Marty Wilson,terminated,Casual Personal Support Worker,10/01/1998,28/10/2020,,Female
EID2001001098,Marty Trump,terminated,Part-Time Personal Support Worker,20/10/2003,18/11/2020,"46.5022,-81.001",Female
EID2001001206,William Davis,terminated,Casual Personal Support Worker,10/04/1994,04/11/2020,,Male
EID2001001222,Emma Taylor,terminated,Part-Time Registered Practical Nurse,23/11/1980,04/11/2020,,Male
EID2001003713,Marty Johnson,terminated,Casual Registered Practical Nurse,12/07/1978,18/11/2020,,Female
EID2001027404,Emily Wilson,terminated,Part-Time Care Coordinator,24/03/1976,21/01/2021,,Female
EID2001027912,James Miller,terminated,Full-Time Receptionist,19/11/1998,23/11/2020,"46.49859,-80.98859",Male
EID2001031418,William Brown,terminated,Part-Time Personal Support Worker,09/08/1997,18/11/2020,"46.45188,-81.00281",Male
EID2001032383,Marty Davis,terminated,Casual Personal Support Worker,02/01/1996,18/11/2020,"46.49566,-80.989164",Female
EID2001032411,William Wilson,terminated,Full-Time Personal Support Worker,29/05/1983,18/11/2020,"46.50958,-81.00318",Female
EID2001035161,Emily Wilson,terminated,Full-Time Personal Support Worker,16/05/1985,18/11/2020,,Male
EID2001041568,Emma Trump,terminated,Part-Time Health Care Aide,06/01/1996,18/11/2020,,Male
EID2001041599,Michael Wilson,terminated,Full-Time Personal Support Worker,13/11/1995,18/11/2020,,Female
EID2001042370,Emma Taylor,terminated,Full-Time Personal Support Worker,18/10/1976,16/11/2020,,Female
EID2001045733,Emma Brown,terminated,Casual Personal Support Worker,14/01/1983,02/12/2020,,Female
EID2001047568,Michael Johnson,on hold,Full-Time Personal Support Worker,27/02/1974,02/12/2020,,Female
EID2001052703,Olivia Davis,terminated,Part-Time Personal Support Worker,26/11/1971,02/12/2020,,Female
EID2001052876,James Wilson,active,Casual Care Coordinator,15/04/1973,30/11/2020,"46.56298,-80.860909",Male
EID2001053152,Marty Johnson,terminated,Part-Time Personal Support Worker,28/01/1994,02/12/2020,"46.50105,-81.00535",Female
EID2001055415,Olivia Miller,terminated,Part-Time Personal Support Worker,01/05/1988,10/02/2021,"46.496176,-80.984125",Male
EID2001058962,Khan Taylor,terminated,Part-Time Personal Support Worker,24/03/1988,02/12/2020,,
EID2001061616,Khan Miller,terminated,Full-Time Registered Nurse,22/01/1974,02/12/2020,,Female
EID2001061642,Michael Miller,terminated,Full-Time Personal Support Worker,27/02/1971,02/12/2020,,Female
EID2001069747,Marty Taylor,terminated,Casual Registered Nurse,07/05/1973,12/04/2021,"46.640102,-80.993617",Female
EID2001074940,Michael Wilson,terminated,Full-Time Personal Support Worker,20/02/1984,02/02/2022,"46.70101,-80.91322",Female
EID2001118887,William Johnson,terminated,Part-Time Personal Support Worker,27/09/1976,18/01/2021,"43.6487,-79.38545",
EID2001122069,Marty Brown,terminated,Part-Time Personal Support Worker,23/04/1992,28/04/2021,"46.52228,-80.92704",Female
EID2001144748,Marty Wilson,terminated,Part-Time Personal Support Worker,28/05/1989,22/01/2021,"46.30133,-79.45184",Female
EID2001146905,James Taylor,terminated,Full-Time Personal Support Worker,29/08/1993,,,Male
EID2001150623,Olivia Wilson,terminated,Full-Time Personal Support Worker (Nursing Student),23/07/1984,18/01/2021,"46.42868,-81.15275",Male
EID2001171047,Marty Miller,active,Full-Time Personal Support Worker,17/07/2000,26/01/2021,"46.6292,-81.01089",Female
EID2001206629,Emma Taylor,terminated,Part-Time Personal Support Worker,10/08/1980,26/01/2022,"46.381489,-82.657909",Female
EID2001213728,Emma Taylor,active,Part-Time Personal Support Worker,09/01/1989,09/03/2021,"46.64577,-80.93331",Male
EID2001215001,Michael Davis,terminated,Part-Time Care Coordinator,14/12/1976,01/03/2021,,Female
EID2001226249,Khan Taylor,on hold,Full-Time Personal Support Worker,03/10/1979,01/03/2021,"46.594939,-81.110854",Female
EID2001236645,William Wilson,terminated,Part-Time Personal Support Worker,05/12/2001,06/06/2022,"46.487616,-80.984739",Male
EID2001236753,Emma Wilson,active,Part-Time Personal Support Worker,09/10/1977,09/03/2021,"46.704842,-80.917117",Male
EID2001237208,Michael Brown,terminated,Part-Time Care Coordinator,11/06/1976,08/03/2021,"46.49186,-80.8468",Female
EID2001258937,Emma Brown,terminated,Full-Time Personal Support Worker,19/06/2003,15/03/2021,"46.594672,-81.1122",Female
EID2001261458,Khan Wilson,active,Full-Time Personal Support Worker,04/06/1974,19/03/2021,"46.70433,-80.92045",Male
EID2001282568,Michael Miller,terminated,Full-Time Personal Support Worker,11/11/1989,26/03/2021,"46.48141,-80.85075",Male
EID2001290173,Emma Johnson,terminated,Care Coordinator,21/07/1970,12/04/2021,,Male
EID2001290180,Marty Wilson,terminated,Part-Time Personal Support Worker,02/02/1995,31/03/2021,"46.58119,-80.84684",Female
EID2001307444,James Wilson,terminated,Part-Time Personal Support Worker,13/04/1995,15/04/2021,"46.381376,-82.657973",Female
EID2001307925,Olivia Wilson,terminated,Part-Time Personal Support Worker,28/01/1994,15/04/2021,"46.18573,-79.27793",Female
EID2001318191,William Taylor,terminated,Full-Time Administrative Assistant,02/09/1982,10/05/2021,,Male
EID2001334592,Olivia Wilson,terminated,Part-Time Personal Support Worker,30/04/1990,21/04/2021,"46.484009,-80.883231",Male
EID2001342389,Olivia Wilson,terminated,Part-Time Personal Support Worker,09/12/1985,,,Female
EID2001356081,Emily Wilson,terminated,Part-Time LTC Registered Practical Nurse,01/04/2002,28/05/2021,"43.6487,-79.38545",Male
EID2001384905,William Brown,terminated,Full Time Personal Support Worker,05/09/1984,12/05/2021,"43.6487,-79.38545",Male
EID2001387279,Emma Trump,terminated,Casual Registered Nurse,12/10/1991,19/05/2021,"43.6487,-79.38545",Male
EID2001389966,Emma Taylor,terminated,Contracted Care Coordinator,27/12/1976,01/06/2021,"43.6487,-79.38545",
EID2001390038,Emma Wilson,terminated,Casual LTC Registered Nurse,07/02/1976,27/05/2021,"46.49315,-80.84905",Male
EID2001403879,Marty Johnson,active,Part-Time Personal Support Worker,03/09/1993,19/05/2021,"46.65068,-81.00039",Female
EID2001403904,Olivia Johnson,terminated,Full-Time Personal Support Worker,20/03/1994,19/05/2021,"43.6487,-79.38545",Female
EID2001409527,Khan Wilson,terminated,Part-Time Personal Support Worker,11/12/1988,02/06/2021,"43.6487,-79.38545",Male
EID2001412445,William Davis,terminated,Part-Time Personal Support Worker,05/03/1981,02/06/2021,"43.6487,-79.38545",Female
EID2001427875,James Wilson,terminated,Full Time Personal Support Worker,03/02/1998,16/06/2021,"46.51158,-80.93343",Male
EID2001446684,Olivia Trump,terminated,Contracted Care Coordinator,30/11/1983,16/06/2021,"43.6487,-79.38545",Female
EID2001455621,Olivia Trump,terminated,Contracted Receptionist,17/02/1988,21/06/2021,"43.6487,-79.38545",Male
EID2001481306,Emily Wilson,active,Full-Time Clinical Home Support Supervisor,17/09/1992,05/07/2021,"46.345533,-80.911989",Male
EID2001484162,Emma Brown,terminated,Casual Personal Support Worker,03/04/1989,30/06/2021,"43.6487,-79.38545",Male
EID2001525329,Khan Johnson,active,Part-Time Care Coordinator,16/05/1991,14/07/2021,"46.48642,-80.9846",Male
EID2001535957,Emily Davis,terminated,Full-Time Personal Support Worker,19/11/1999,21/07/2021,"46.469637,-81.013541",Female
EID2001536305,James Wilson,terminated,Contracted Care Coordinator,03/06/1976,14/07/2021,"43.6487,-79.38545",Male
EID2001536610,Olivia Johnson,active,Full-Time Personal Support Worker,01/11/1980,14/07/2021,"46.69624,-80.91955",
EID2001552281,Emily Taylor,terminated,Full-Time Personal Support Worker,03/08/1982,14/07/2021,"43.6487,-79.38545",
EID2001578932,Khan Miller,terminated,Full-Time Personal Support Worker,29/09/1975,11/08/2021,"46.639454,-81.38951",Male
EID2001580825,Olivia Davis,terminated,Casual Registered Nurse,12/09/2002,,"46.53549,-80.93181",Female
EID2001599718,Khan Brown,active,Full-Time Personal Support Worker,14/12/1979,18/08/2021,"46.49295,-80.98525",Male
EID2001612500,James Taylor,terminated,Part-Time Personal Support Worker (DSW Certification),17/05/1995,11/08/2021,"46.50964,-80.990153",Female
EID2001622138,Emma Davis,terminated,Full-Time Personal Support Worker,15/12/1988,01/09/2021,"45.35683,-80.03642",Female
EID2001622971,Emma Wilson,terminated,Full-Time Personal Support Worker,03/08/2000,,"46.37985,-82.65196",Female
EID2001623031,Marty Miller,terminated,Full-Time Personal Support Worker Applicant,22/02/1996,01/09/2021,,Male
EID2001625880,Emily Davis,terminated,Full-Time Personal Support Worker,21/06/1970,18/08/2021,"46.71111,-80.91804",Male
EID2001627068,Olivia Wilson,terminated,Casual Personal Support Worker (DSW Certification),26/03/1988,30/12/2022,"46.41857,-80.95826",
EID2001639516,William Trump,terminated,Full-Time Personal Support Worker,28/05/1989,,"46.211726,-82.537802",Male
EID2001640873,Emily Brown,terminated,Care Coordinator,16/06/1983,22/09/2021,"46.526016,-80.926265",Male
EID2001641325,William Davis,terminated,Part-Time Registered Practical Nurse,21/09/2003,,,Female
EID2001644991,Olivia Johnson,terminated,Full-Time Personal Support Worker,27/04/1982,,"46.37985,-82.65196",Male
EID2001646542,James Miller,on hold,Full-Time Personal Support Worker,09/03/1976,29/09/2021,"46.54455,-80.89149",Male
EID2001688237,Emma Johnson,terminated,Full-Time Personal Support Worker,11/05/1995,29/09/2021,"46.30663,-79.45993",Female
EID2001703402,Khan Johnson,active,Full-Time Personal Support Worker,13/07/2002,22/09/2021,"46.56762,-81.20829",Male
EID2001705259,William Trump,terminated,Full-Time Personal Support Worker,06/07/2003,29/09/2021,"46.48689,-80.85051",Female
EID2001705425,Emily Davis,terminated,,12/05/1980,,"46.56886,-81.19624",Male
EID2001705618,William Johnson,on hold,Part-Time Personal Support Worker,18/09/1977,22/09/2021,"46.493114,-80.920065",Male
EID2001721025,Khan Brown,terminated,Part-Time Personal Support Worker,25/01/1996,22/09/2021,"46.48485,-81.012195",Female
EID2001722997,Marty Davis,active,Full-Time Personal Support Worker,09/01/1975,29/09/2021,"51.735587,0.46855",Male
EID2001727284,Khan Trump,terminated,Part-Time Personal Support Worker,29/12/1992,13/10/2021,"46.57693,-81.18922",Female
EID2001731452,Emily Johnson,active,Part-Time Personal Support Worker,07/01/2001,29/09/2021,"46.569005,-81.188698",Male
EID2001731943,Khan Miller,on hold,Clinical Office Staff,04/12/1993,13/10/2021,"46.49095,-80.93107",Male
EID2001732443,Khan Johnson,terminated,Care Coordinator,09/11/1973,06/10/2021,"46.42689,-80.93979",Male
EID2001733573,James Taylor,terminated,Part-Time Personal Support Worker,28/02/1987,29/09/2021,"46.50946,-81.00316",Male
EID2001744462,William Wilson,terminated,Full-Time Personal Support Worker,06/12/2001,12/10/2021,"45.3432,-80.01727",Female
EID2001747445,Emily Wilson,active,Full-Time Personal Support Worker,01/08/1994,06/10/2021,"46.64932,-81.39291",
EID2001764649,Olivia Wilson,active,Full-Time Personal Support Worker,19/05/1972,06/10/2021,"46.54593,-81.2995",
EID2001767927,William Wilson,active,Full-Time Personal Support Worker,07/07/1986,13/10/2021,"46.32507,-79.46744",Male
EID2001788255,Marty Davis,active,Part-Time Personal Support Worker,07/06/1987,27/10/2021,"46.656065,-80.949785",
EID2001809284,Olivia Trump,active,Full-Time LTC Personal Support Worker,17/06/1973,03/11/2021,"46.47609,-81.01721",Male
EID2001809949,Marty Taylor,terminated,Care Coordinator,15/11/2002,01/11/2021,"46.48594,-80.90103",Male
EID2001810549,Khan Davis,active,Part-Time Registered Practical Nurse,05/03/1999,27/10/2021,"46.58373,-81.2472",Male
EID2001810577,Khan Taylor,terminated,Full-Time Personal Support Worker,05/03/1979,10/11/2021,"46.37463,-82.66695",Male
EID2001816270,Emily Wilson,terminated,Full-Time Personal Support Worker,15/01/2003,27/10/2021,"46.46188,-81.00174",Male
EID2001828886,James Brown,terminated,Full-Time Personal Support Worker,09/05/1975,03/11/2021,"46.30663,-79.45993",Female
EID2001850483,Emily Johnson,terminated,Full-Time Personal Support Worker,14/08/1991,16/11/2021,"45.34229,-80.0373",Female
EID2001860072,Emily Brown,active,,13/04/1987,,,
EID2001861104,James Wilson,terminated,Part-Time Personal Support Worker,14/08/1982,16/11/2021,"45.3432,-80.01727",Male
EID2001863819,Emily Miller,terminated,Care Coordinator,26/07/1986,19/11/2021,"46.53079,-80.91504",Female
EID2001869104,Michael Brown,terminated,Full-Time Personal Support Worker,28/03/1999,16/11/2021,"45.344996,-79.763212",Male
EID2001872279,William Johnson,active,Part-Time Personal Support Worker,13/08/1973,19/11/2021,"46.302766,-79.454464",Female
EID2001880449,Emma Wilson,terminated,Care Coordinator,08/04/1989,19/11/2021,,Female
EID2001887052,William Taylor,terminated,Care Coordinator,05/11/1981,19/11/2021,"46.49331,-80.94815",Female
EID2001899868,William Taylor,terminated,Part-Time Mental Health Care Coordinator,29/04/1990,22/11/2021,"46.49399,-81.01728",Male
EID2001907085,James Wilson,active,Full-Time Personal Support Worker,30/06/1993,24/11/2021,"46.495,-81.0103",Male
EID2001918732,Emma Brown,terminated,Care Coordinator,04/02/1989,01/12/2021,"46.53416,-80.95163",Female
EID2001918819,Emily Miller,terminated,Full-Time Personal Support Worker,23/05/1980,01/12/2021,"46.48729,-80.85014",Male
EID2001920597,James Brown,terminated,Full-Time Personal Support Worker,18/02/1994,01/12/2021,"46.25679,-81.76427",Male
EID2001920613,James Davis,active,Full-Time Personal Support Worker,01/09/1978,01/12/2021,"46.288176,-79.448977",Female
EID2001921574,Marty Wilson,terminated,Full-Time Personal Support Worker,07/12/1974,01/12/2021,"46.41219,-80.96033",
EID2001938730,Emily Brown,terminated,Part-Time Personal Support Worker,22/08/1972,08/12/2021,"46.476,-81.00359",Male
EID2001939455,Marty Wilson,terminated,Full-Time Personal Support Worker,17/06/1993,08/12/2021,"46.49969,-81.00816",Male
EID2001964890,Khan Davis,terminated,Part-Time Personal Support Worker,06/12/1981,22/12/2021,"46.46782,-81.06976",Female
EID2002003452,Khan Trump,terminated,Part-Time Care Coordinator,12/06/1972,05/01/2022,"43.6487,-79.38545",Male
EID2002004538,Marty Brown,terminated,Part-Time Registered Nurse,04/06/1982,05/01/2022,"46.64624,-80.98946",Male
EID2002019143,Emma Miller,terminated,Full-Time Personal Support Worker,08/03/1989,12/01/2022,"46.52708,-80.9659",Male
EID2002034162,William Wilson,on hold,Full-Time Personal Support Worker,16/07/1973,20/01/2022,"46.31494,-79.41208",Male
EID2002039074,Marty Johnson,active,Full-Time Personal Support Worker,09/02/1993,20/01/2022,"46.332635,-79.48146",Male
EID2002039085,Emma Johnson,terminated,Full-Time Personal Support Worker,25/01/1992,,"46.48806,-80.9828",Female
EID2002039125,James Trump,terminated,Full-Time Personal Support Worker,04/02/2001,,"46.47708,-81.01008",Male
EID2002039772,Michael Davis,terminated,Part-Time Personal Support Worker,01/11/2001,20/01/2022,"46.487651,-80.935871",Male
EID2002053844,James Taylor,terminated,Full-Time Clinical Home Support Supervisor,11/03/1977,22/06/2022,"46.56954,-81.197765",Female
EID2002068712,Emma Davis,terminated,Full-Time Personal Support Worker,22/08/1977,02/02/2022,,Female
EID2002083626,William Wilson,terminated,Part-Time Mental Health & Wellness Clinician,12/04/1998,07/02/2022,"46.37165,-79.9437",Female
EID2002083673,Michael Johnson,terminated,Full-Time Mental Health & Wellness Clinician,10/02/1984,14/02/2022,"46.49322,-80.84455",Female
EID2002088319,Olivia Brown,active,Part-Time LTC Registered Practical Nurse,25/04/1992,09/02/2022,"46.45111,-80.9801",Male
EID2002103595,William Johnson,active,Full-Time Personal Support Worker,12/11/1974,21/10/2022,"46.57447,-81.18659",Male
EID2002117775,William Trump,terminated,Part-Time Personal Support Worker,29/08/2000,23/02/2022,"46.4942,-81.0054",Male
EID2002139886,Emma Johnson,terminated,Full-Time Personal Support Worker,22/04/1973,02/03/2022,"46.5032,-80.9846",Male
EID2002146043,Olivia Taylor,terminated,Part-Time LTC Personal Support Worker,15/09/1973,04/03/2022,"46.52575,-80.98349",Male
EID2002165849,Khan Brown,terminated,Casual Personal Support Worker,23/06/1975,10/03/2022,"46.47524,-81.00567",Male
EID2002165898,Marty Wilson,terminated,Part-Time Personal Support Worker,14/09/1992,10/03/2022,"46.466088,-81.002303",Male
EID2002165907,Emma Wilson,on hold,Part-Time Personal Support Worker,19/02/1978,10/03/2022,"46.153195,-79.260299",Male
EID2002180652,Emily Miller,terminated,Part-Time Care Coordinator,18/11/1971,14/03/2022,"46.47881,-81.00552",Female
EID2002188111,Marty Johnson,terminated,Part-Time Personal Support Worker,11/07/1972,16/03/2022,"46.63765,-81.00262",Male
EID2002188491,Emily Johnson,terminated,Full-Time Personal Support Worker,14/12/1989,17/03/2022,"45.342855,-80.02843",Female
EID2002227999,Emma Taylor,terminated,Casual Personal Support Worker,11/12/1995,28/03/2022,"46.54508,-80.86964",Female
EID2002235977,James Wilson,terminated,Full-Time Personal Support Worker,29/04/1981,30/03/2022,"46.5803,-81.19488",Male
EID2002236044,James Miller,terminated,Part-Time Personal Support Worker,15/05/1970,30/03/2022,"46.508685,-80.94708",Female
EID2002251216,Khan Brown,active,,24/06/1995,,,Female
EID2002259998,Michael Brown,on hold,Full-Time Personal Support Worker,09/06/1988,07/04/2022,"46.129016,-79.432609",Male
EID2002270438,Michael Miller,terminated,Part-Time Care Coordinator,02/02/1983,11/04/2022,"46.48832,-80.96179",Male
EID2002270476,James Wilson,terminated,Full-Time Care Coordinator,01/01/1999,11/04/2022,"46.50224,-81.00281",Female
EID2002271005,Emma Wilson,terminated,Full-Time Care Coordinator,04/04/1998,11/04/2022,"46.505143,-81.002908",Male
EID2002279891,Olivia Wilson,active,Casual LTC Personal Support Worker,21/07/1980,13/04/2022,"46.379346,-81.313616",Female
EID2002318658,James Miller,active,Casual Administrative Worker,12/04/1998,15/05/2020,"46.531922,-80.93279",Male
EID2002322778,James Davis,terminated,Full-Time Personal Support Worker,26/04/2003,28/04/2022,"46.6509,-80.93489",Male
EID2002365268,James Davis,terminated,Part-Time Personal Support Worker,25/10/1980,12/05/2022,"46.23143,-79.146978",Female
EID2002365284,Michael Wilson,active,Full-Time Personal Support Worker,29/10/2003,12/05/2022,"46.5619,-81.13991",Male
EID2002387408,Michael Johnson,terminated,Full-Time Personal Support Worker,14/05/1980,18/05/2022,"46.59147,-81.33483",Female
EID2002387422,Michael Davis,active,Clinical Office Staff,18/06/1992,18/05/2022,"46.44342,-81.01452",Male
EID2002387448,Michael Miller,on hold,Part-Time Personal Support Worker,13/04/1989,18/05/2022,"46.58342,-81.19077",Male
EID2002404381,Michael Brown,terminated,Full-Time Personal Support Worker,16/11/2001,25/05/2022,"46.48752,-80.915",Male
EID2002424940,James Johnson,terminated,Part-Time Care Coordinator,21/08/1986,01/06/2022,"46.50211,-80.98492",Male
EID2002424953,James Johnson,terminated,Full-Time Personal Support Worker,11/05/1998,01/06/2022,"46.52232,-80.93272",Male
EID2002424964,Michael Miller,active,Full-Time Personal Support Worker,23/01/1995,01/06/2022,"46.308624,-79.452365",Female
EID2002424984,Marty Wilson,terminated,Part-Time Care Coordinator,14/01/1984,01/06/2022,"46.519033,-80.958212",Female
EID2002424997,Emma Taylor,terminated,Part-Time Personal Support Worker,07/01/1988,01/06/2022,"46.49203,-80.99262",Male
EID2002427527,James Wilson,active,,11/05/1988,01/06/2022,"48.488715,-81.32209",Female
EID2002436330,Khan Brown,terminated,Contracted Full-Time Care Coordinator,25/02/1972,06/06/2022,"46.52269,-80.96898",Female
EID2002436412,Michael Davis,terminated,Part-Time Care Coordinator,24/01/1983,06/06/2022,"46.4638,-81.00822",Female
EID2002436483,James Davis,active,Full-Time Interim Lead Care Coordinator,04/12/1990,06/06/2022,"46.502758,-80.955081",Male
EID2002453499,Olivia Davis,active,Full-Time Administrative Assistant,12/08/1983,13/06/2022,"46.50607,-80.98772",Male
EID2002460910,Emily Brown,active,Full-Time Personal Support Worker,04/12/1970,15/06/2022,"46.709009,-80.927024",Male
EID2002460940,Olivia Wilson,active,Full-Time Personal Support Worker,03/07/1992,15/06/2022,"46.48759,-80.98679",Female
EID2002475480,Michael Johnson,terminated,Part-Time Personal Support Worker,23/09/1999,28/09/2022,"46.4973,-80.9896",Male
EID2002475491,Emma Miller,terminated,Part-Time Personal Support Worker,11/02/1979,28/09/2022,"46.654288,-80.951944",Male
EID2002499737,Emily Johnson,terminated,Part-Time Personal Support Worker,02/12/1971,29/06/2022,"46.23056,-79.14209",Male
EID2002499947,Marty Davis,active,Full-Time Personal Support Worker,24/06/1997,29/06/2022,"46.3341,-79.47983",Male
EID2002500679,Michael Trump,terminated,Full-Time Personal Support Worker,10/02/1974,29/06/2022,"46.4882,-80.78575",Female
EID2002507392,Michael Wilson,terminated,Full-Time Personal Support Worker,16/05/1978,06/07/2022,"46.30747,-79.4456",Male
EID2002523249,Marty Trump,terminated,Full-Time Personal Support Worker,16/05/1980,06/07/2022,"46.52285,-80.95541",Male
EID2002538118,Michael Wilson,terminated,Part-Time Personal Support Worker,17/12/1982,13/07/2022,"46.71042,-80.92001",Male
EID2002538232,Marty Brown,terminated,Full-Time Personal Support Worker,11/02/1976,15/07/2022,"46.47291,-81.00535",Male
EID2002540829,William Wilson,terminated,Part-Time Personal Support Worker,13/03/1982,13/07/2022,"46.433543,-81.151534",Female
EID2002559674,Olivia Wilson,active,Full-Time Care Coordinator,08/02/1971,04/08/2022,"46.49232,-80.94828",Female
EID2002563627,Olivia Trump,terminated,Full-Time Personal Support Worker,19/09/1990,20/07/2022,"46.49564,-80.993752",Male
EID2002571828,Marty Wilson,terminated,Care Coordinator,17/12/1976,04/08/2022,"46.488351,-80.934658",Female
EID2002571969,Khan Taylor,terminated,Care Coordinator,25/07/1973,04/08/2022,"46.53317,-80.91875",Female
EID2002590917,Khan Miller,active,Full-Time Personal Support Worker,22/08/1997,03/08/2022,"46.382283,-82.655131",Male
EID2002590934,Marty Trump,terminated,Casual Personal Support Worker,26/04/1993,03/08/2022,"46.60868,-81.00441",Male
EID2002590945,Emily Miller,active,Full-Time Interim Lead Care Coordinator,12/04/1980,04/08/2022,"46.65345,-80.93386",Male
EID2002594068,James Wilson,active,Part-Time Care Coordinator,30/09/1995,04/08/2022,"46.38075,-80.87571",Female
EID2002607383,William Taylor,terminated,Full-Time Personal Support Worker,14/04/1971,03/08/2022,"46.48319,-80.99573",Male
EID2002608055,Emma Brown,active,Full-Time Personal Support Worker,24/12/1970,03/08/2022,"46.27466,-79.44222",Male
EID2002608558,Emma Davis,terminated,Care Coordinator,10/01/1972,04/08/2022,"46.65444,-80.95366",Male
EID2002634657,Khan Miller,terminated,Full-Time Personal Support Worker,11/02/1994,17/08/2022,"46.48378,-80.9396",Female
EID2002652552,Khan Brown,active,Part-Time Personal Support Worker,01/09/1983,17/08/2022,"46.52418,-80.9411",Male
EID2002652650,Khan Davis,terminated,Part-Time Personal Support Worker,22/01/1990,17/08/2022,"46.52265,-80.91475",Male
EID2002677210,Michael Wilson,on hold,Full-Time Personal Support Worker,05/03/1992,31/08/2022,"46.50665,-80.99006",Male
EID2002677540,Emily Brown,terminated,Full-Time Personal Support Worker,22/06/1979,24/08/2022,"46.30372,-79.45424",Female
EID2002678361,Olivia Taylor,terminated,Full-Time Personal Support Worker,12/10/1994,07/09/2022,"46.57552,-81.20325",Female
EID2002695810,Olivia Davis,rejected,,23/10/1982,,,Female
EID2002697203,Emma Wilson,active,Full-Time Personal Support Worker,26/08/1991,31/08/2022,"45.36018,-80.02285",Female
EID2002708030,Marty Johnson,active,Full-Time Personal Support Worker,07/02/1996,07/09/2022,"46.70381,-80.91694",Female
EID2002708037,Olivia Taylor,active,Part-Time Personal Support Worker,10/12/1999,07/09/2022,"46.37678,-82.65399",Male
EID2002708101,Emily Johnson,terminated,Part-Time Care Coordinator,16/09/1971,14/10/2022,"46.497737,-80.997012",Male
EID2002718449,Khan Taylor,terminated,Full-Time Personal Support Worker,16/02/2000,07/09/2022,"46.382,-82.68252",Female
EID2002739343,James Brown,terminated,Part-Time Personal Support Worker,23/01/1996,14/10/2022,"46.63208,-80.84746",Female
EID2002744576,Michael Trump,terminated,Part-Time LTC Personal Support Worker,01/09/1975,28/09/2022,"46.70845,-80.9198",Female
EID2002768359,Khan Miller,active,Full-Time Personal Support Worker,31/12/1973,21/09/2022,"46.4992,-80.93052",Male
EID2002768588,Michael Miller,active,Full-Time Personal Support Worker,04/05/1975,21/09/2022,"46.64688,-81.39569",Female
EID2002769118,Marty Miller,terminated,Part-Time Care Coordinator,06/11/1975,14/10/2022,"46.44008,-81.00782",Male
EID2002846038,Khan Davis,terminated,Part-Time Care Coordinator,07/10/1996,14/10/2022,"46.47666,-81.00752",Male
EID2002846764,Emily Wilson,terminated,Part-Time Care Coordinator,17/01/1991,14/10/2022,"46.569866,-81.264574",Female
EID2002895920,Marty Davis,on hold,Full-Time Personal Support Worker,10/09/1993,26/10/2022,"46.631189,-80.84155",Male
EID2002896222,Emily Wilson,active,Full-Time Personal Support Worker,13/10/2003,26/10/2022,"46.486364,-80.861613",Female
EID2002943347,Marty Wilson,terminated,Part-Time Staffing Personal Support Worker,14/06/1980,09/11/2022,"46.492,-81.01558",Male
EID2002943349,Marty Brown,terminated,Part-Time Personal Support Worker,17/07/2003,09/11/2022,"46.3082,-79.45005",Female
EID2002983242,Olivia Wilson,terminated,Full-Time Personal Support Worker,07/10/1980,23/11/2022,"46.37069,-82.623175",Female
EID2003002480,Emma Wilson,active,Full-Time Personal Support Worker,10/10/1985,30/11/2022,"46.38224,-79.4627",Female
EID2003016852,Emily Miller,terminated,Part-Time Care Coordinator,06/12/1990,06/12/2022,"46.52283,-80.9373",Male
EID2003016896,Emily Wilson,terminated,Part-Time Care Coordinator,07/04/2000,06/12/2022,"46.5031,-80.99657",Male
EID2003017065,Emma Trump,terminated,Part-Time Care Coordinator,05/11/1985,06/12/2022,"46.51005,-81.00224",Female
EID2003017176,Michael Johnson,terminated,Part-Time Care Coordinator,24/11/1978,06/12/2022,"46.52773,-80.94539",Female
EID2003035433,Olivia Johnson,terminated,Part-Time Personal Support Worker,30/11/1998,14/12/2022,"45.355511,-80.041094",Female
EID2003046979,Michael Trump,terminated,Full-Time Personal Support Worker,09/08/2002,19/12/2022,"46.40921,-80.1247",Female
